t,round,my_cash,my_eco,opp_eco,opp_eco_income,opp_send_spend,opp_tower_spend,opp_cash,opp_cash_ceiling,sends,tick_period,payout_ratio,trk_red,trk_blue,trk_green,trk_yellow,trk_pink,side,opp_tower_raw,tower_clips,tower_sites,tower_unpriced,scene_changes,library
1.3,,,,0.0,0,0,0,0,0,0,6.00,1.000,0,0,0,0,0,,0,0,0,0,0,0
2.3,,,,0.0,0,0,0,0,0,0,6.00,1.000,0,0,0,0,0,,0,0,0,0,0,0
3.3,,,,0.0,0,0,0,0,0,0,6.00,1.000,0,0,0,0,0,,0,0,0,0,0,0
4.3,,,,0.0,0,0,0,0,0,0,6.00,1.000,0,0,0,0,0,,0,0,0,0,0,0
5.3,,,,0.0,0,0,0,0,0,0,6.00,1.000,0,0,0,0,0,,0,0,0,0,0,0
6.3,,,,0.0,0,0,0,0,0,0,6.00,1.000,0,0,0,0,0,,0,0,0,0,0,0
7.3,,,,0.0,0,0,0,0,0,0,6.00,1.000,0,0,0,0,0,,0,0,0,0,0,0
8.3,,,,0.0,0,0,0,0,0,0,6.00,1.000,0,0,0,0,0,,0,0,0,0,0,0
9.3,,,,0.0,0,0,0,0,0,0,6.00,1.000,0,0,0,0,0,,0,0,0,0,0,0
10.3,,,,0.0,0,0,0,0,0,0,6.00,1.000,0,0,0,0,0,,0,0,0,0,0,0
11.3,,,,0.0,0,0,0,0,0,0,6.00,1.000,0,0,0,0,0,,0,0,0,0,0,0
12.3,,,,0.0,0,0,0,0,0,0,6.00,1.000,0,0,0,0,0,,0,0,0,0,0,0
13.3,,,,0.0,0,0,0,0,0,0,6.00,1.000,0,0,0,0,0,,0,0,0,0,0,0
14.3,,,,0.0,0,0,0,0,0,0,6.00,1.000,0,0,0,0,0,,0,0,0,0,0,0
15.3,,,,0.0,0,0,0,0,0,0,6.00,1.000,0,0,0,0,0,,0,0,0,0,0,0
16.3,,,,0.0,0,0,0,0,0,0,6.00,1.000,0,0,0,0,0,,0,0,0,0,0,0
17.3,,,,0.0,0,0,0,0,0,0,6.00,1.000,0,0,0,0,0,,0,0,0,0,0,0
18.3,,,,0.0,0,0,0,0,0,0,6.00,1.000,0,0,0,0,0,,0,0,0,0,0,0
19.3,,,,0.0,0,0,0,0,0,0,6.00,1.000,0,0,0,0,0,,0,0,0,0,0,0
20.3,,,,0.0,0,0,0,0,0,0,6.00,1.000,0,0,0,0,0,,0,0,0,0,0,0
21.3,,,,0.0,0,0,0,0,0,0,6.00,1.000,0,0,0,0,0,,0,0,0,0,0,0
22.3,,,,0.0,0,0,0,0,0,0,6.00,1.000,0,0,0,0,0,,0,0,0,0,0,0
23.3,,,,0.0,0,0,0,0,0,0,6.00,1.000,0,0,0,0,0,,0,0,0,0,0,0
24.3,,,,0.0,0,0,0,0,0,0,6.00,1.000,0,0,0,0,0,,0,0,0,0,0,0
25.3,,,,0.0,0,0,0,0,0,0,6.00,1.000,0,0,0,0,0,,0,0,0,0,0,0
26.3,,,,0.0,0,0,0,0,0,0,6.00,1.000,0,0,0,0,0,,0,0,0,0,0,0
27.3,,,,0.0,0,0,0,0,0,0,6.00,1.000,0,0,0,0,0,,0,0,0,0,0,0
28.3,,,,0.0,0,0,0,0,0,0,6.00,1.000,0,0,0,0,0,,0,0,0,0,0,0
29.3,,,,0.0,0,0,0,0,0,0,6.00,1.000,0,0,0,0,0,,0,0,0,0,0,0
30.3,,,,0.0,0,0,0,0,0,0,6.00,1.000,0,0,0,0,0,,0,0,0,0,0,0
31.3,,,,0.0,0,0,0,0,0,0,6.00,1.000,0,0,0,0,0,,0,0,0,0,0,0
32.3,,,,0.0,0,0,0,0,0,0,6.00,1.000,0,0,0,0,0,,0,0,0,0,0,0
33.3,,,,0.0,0,0,0,0,0,0,6.00,1.000,0,0,0,0,0,,0,0,0,0,0,0
34.3,,,,0.0,0,0,0,0,0,0,6.00,1.000,0,0,0,0,0,,0,0,0,0,0,0
35.3,,,,0.0,0,0,0,0,0,0,6.00,1.000,0,0,0,0,0,,0,0,0,0,0,0
36.3,,,,0.0,0,0,0,0,0,0,6.00,1.000,0,0,0,0,0,,0,0,0,0,0,0
37.3,,,,0.0,0,0,0,0,0,0,6.00,1.000,0,0,0,0,0,,0,0,0,0,0,0
38.3,1,650,250,256.0,0,120,0,530,530,6,6.00,1.000,1318,0,0,0,0,left,0,0,0,0,0,0
39.3,1,650,250,256.0,0,120,0,530,530,6,6.00,1.000,216,0,0,0,0,left,0,0,0,0,0,0
40.3,1,650,250,256.0,0,120,0,530,530,6,6.00,1.000,279,0,0,0,0,left,0,0,0,0,0,0
41.3,1,650,250,256.0,0,120,0,530,530,6,6.00,1.000,324,0,0,0,0,left,0,0,0,0,0,0
42.3,1,650,250,256.0,0,120,0,530,530,6,6.00,1.000,267,0,0,0,0,left,0,0,0,0,0,0
43.3,1,650,250,256.0,0,120,0,530,530,6,6.00,1.000,231,0,0,0,0,left,0,0,0,0,0,0
44.3,1,450,250,256.0,256,120,0,786,786,6,6.00,1.000,140,0,0,0,0,left,0,0,0,0,0,0
45.3,1,450,250,256.0,256,120,0,786,786,6,6.00,1.000,131,0,0,0,0,left,0,0,0,0,0,0
46.3,1,450,250,256.0,256,120,0,786,786,6,6.00,1.000,118,0,0,0,0,left,0,0,0,0,0,0
47.3,1,330,256,256.0,256,120,0,786,786,6,6.00,1.000,63,0,0,0,0,left,0,0,0,0,0,0
48.3,1,330,256,256.0,256,120,0,786,786,6,6.00,1.000,24,0,0,0,0,left,0,0,0,0,0,0
49.3,1,586,256,256.0,256,120,0,786,786,6,6.00,1.000,12,0,0,0,0,left,0,0,0,0,0,0
50.3,1,586,256,256.0,512,120,0,1042,1042,6,6.00,1.000,4,0,0,0,0,left,0,0,0,0,0,0
51.3,1,586,256,256.0,512,120,0,1042,1042,6,6.00,1.000,0,0,0,0,0,left,0,0,0,0,0,0
52.3,1,526,259,256.0,512,120,0,1042,1042,6,6.00,1.000,0,0,0,0,0,left,0,0,0,0,0,0
53.3,1,466,262,256.0,512,120,0,1042,1042,6,6.00,1.000,282,0,0,0,0,left,0,0,0,0,0,0
54.3,1,426,264,256.0,512,120,0,1042,1042,6,6.00,1.000,185,0,0,0,0,left,0,0,0,0,0,0
55.3,1,69,264,256.0,512,120,0,1042,1042,6,5.79,1.000,983,0,0,0,0,left,0,0,0,0,0,0
56.3,1,69,264,256.0,768,120,0,1298,1298,6,5.79,1.000,995,0,0,0,0,left,0,0,0,0,0,0
57.3,1,69,264,256.0,768,120,0,1298,1298,6,5.79,1.000,274,0,0,0,0,left,0,0,0,0,0,0
58.3,1,69,264,256.0,768,120,0,1298,1298,6,5.79,1.000,832,0,0,0,0,left,0,0,0,0,0,0
59.3,1,365,264,256.0,768,120,0,1298,1298,6,5.79,1.676,228,0,0,0,0,left,0,0,0,0,0,0
60.3,1,365,264,257.0,768,140,0,1278,1278,7,5.79,1.676,215,0,0,0,0,left,0,0,0,0,0,0
61.3,1,629,264,257.0,1025,140,0,1535,1535,7,4.91,1.000,267,0,0,0,0,left,0,0,0,0,0,0
62.3,1,629,264,257.0,1025,140,0,1535,1535,7,4.91,1.000,166,0,0,0,0,left,0,0,0,0,0,0
63.3,1,629,264,257.0,1025,140,0,1535,1535,7,4.91,1.000,72,0,0,0,0,left,0,0,0,0,0,0
64.3,1,629,264,257.0,1025,140,0,1535,1535,7,4.91,1.000,30,0,0,0,0,left,0,0,0,0,1,0
65.3,1,629,264,257.0,1025,140,0,1535,1535,7,4.91,1.000,41,0,0,0,0,left,0,0,0,0,1,0
66.3,1,629,264,257.0,1282,140,0,1792,1792,7,4.91,1.000,33,0,0,0,0,left,0,0,0,0,1,0
67.3,2,893,264,257.0,1282,140,0,1827,1827,7,5.79,1.000,28,0,0,0,0,left,0,0,0,0,1,0
68.3,2,773,270,257.0,1282,140,0,1827,1827,7,5.79,1.000,109,0,0,0,0,left,0,0,0,0,1,0
69.3,2,773,270,258.0,1282,160,0,1807,1807,8,5.79,1.000,167,0,0,0,0,left,0,0,0,0,2,0
70.3,2,713,273,258.0,1282,160,0,1807,1807,8,5.79,1.000,159,0,0,0,0,left,0,0,0,0,2,0
71.3,2,693,274,258.0,1282,160,0,1807,1807,8,5.79,1.000,181,0,0,0,0,left,0,0,0,0,2,0
72.3,2,673,275,258.0,1540,160,0,2065,2065,8,5.79,1.000,78,0,0,0,0,left,0,0,0,0,2,0
73.3,2,653,276,258.0,1540,160,0,2065,2065,8,5.79,1.000,51,0,0,0,0,left,0,0,0,0,2,0
74.3,2,606,277,258.0,1540,160,0,2065,2065,8,5.79,1.000,105,0,0,0,0,left,0,0,0,0,2,0
75.3,2,606,277,258.0,1540,160,0,2065,2065,8,5.79,1.000,193,0,0,0,0,left,0,0,0,0,2,0
76.3,2,606,277,258.0,1540,160,0,2065,2065,8,5.79,1.000,123,139,0,0,0,left,0,0,0,0,2,0
77.3,2,60,277,258.0,1540,160,0,2065,2065,8,5.79,1.000,267,373,0,0,0,left,0,0,0,0,3,0
78.3,2,429,277,258.0,1798,160,0,2323,2323,8,5.79,1.000,104,647,0,0,0,left,0,0,0,0,3,0
79.3,2,389,279,258.0,1798,160,0,2323,2323,8,5.79,1.000,413,399,0,0,0,left,0,0,0,0,3,0
80.3,2,569,284,258.8,1798,175,0,2308,2308,9,4.91,1.000,672,212,0,0,0,left,0,0,0,0,3,0
81.3,2,569,284,258.8,1798,175,0,2308,2308,9,4.91,1.000,892,8,0,0,0,left,0,0,0,0,4,0
82.3,2,569,284,258.8,2057,175,0,2567,2567,9,4.91,1.000,578,0,0,0,0,left,0,0,0,0,4,0
83.3,2,569,284,258.8,2057,175,0,2567,2567,9,4.91,1.000,667,11,0,0,0,left,0,0,0,0,4,0
84.3,2,569,284,258.8,2057,175,0,2567,2567,9,4.91,1.000,895,0,0,0,0,left,0,0,0,0,4,0
85.3,2,569,284,258.8,2057,175,0,2567,2567,9,4.91,1.000,354,0,0,0,0,left,0,0,0,0,4,0
86.3,2,853,284,258.8,2057,175,0,2567,2567,9,5.79,1.000,42,0,0,0,0,left,0,0,0,0,4,1
87.3,2,853,284,259.8,2057,195,0,2547,2547,10,5.79,1.000,44,0,0,0,0,left,0,0,0,0,4,1
88.3,2,853,284,259.8,2317,195,0,2807,2807,10,5.79,1.000,1,0,0,0,0,left,0,0,0,0,4,1
89.3,2,853,284,259.8,2317,195,0,2807,2807,10,5.79,1.000,2,0,1,0,0,left,0,0,0,0,4,1
90.3,3,733,290,262.2,2317,243,0,2830,2830,12,5.79,1.000,1,0,0,328,0,left,0,0,0,0,4,1
91.3,3,693,292,263.3,2317,267,0,2806,2806,13,5.79,1.000,1,310,0,76,0,left,0,0,0,0,4,1
92.3,3,985,292,264.3,2317,287,0,2786,2786,14,5.79,1.000,114,169,0,197,0,left,0,0,0,0,4,1
93.3,3,985,292,264.3,2317,287,0,2786,2786,14,5.79,1.000,111,0,0,131,0,left,0,0,0,0,4,1
94.3,3,985,292,264.3,2581,287,0,3050,3050,14,5.79,1.000,3,0,0,146,0,left,0,0,0,0,4,1
95.3,3,965,293,264.3,2581,287,0,3050,3050,14,5.79,1.000,0,0,0,123,0,left,0,0,0,0,4,1
96.3,3,845,298,264.3,2581,287,0,3050,3050,14,5.79,1.000,162,0,0,42,0,left,0,0,0,0,4,1
97.3,3,1097,300,264.3,2581,287,0,3050,3050,14,5.79,1.000,188,0,0,73,0,left,0,0,0,0,4,1
98.3,3,1073,301,264.3,2581,287,0,3050,3050,14,5.79,1.000,284,1,1,69,0,left,0,0,0,0,4,1
99.3,3,1025,304,264.3,2581,287,0,3050,3050,14,5.79,1.000,410,0,0,55,0,left,0,0,0,0,4,1
100.3,3,977,306,264.3,2845,287,0,3314,3314,14,5.79,1.000,468,0,0,48,0,left,0,0,0,0,4,1
101.3,3,953,307,265.4,2845,311,0,3290,3290,15,5.79,1.000,481,167,0,136,0,left,0,0,0,0,4,1
102.3,3,905,309,265.4,2845,311,0,3290,3290,15,5.79,1.000,390,404,0,58,0,left,0,0,0,0,4,1
103.3,3,1169,311,266.4,2845,331,0,3270,3270,16,5.79,1.000,308,574,0,135,0,left,0,0,0,0,4,1
104.3,3,1145,312,267.4,2845,351,0,3250,3250,17,5.79,1.000,227,390,0,147,0,left,0,0,0,0,4,1
105.3,3,1097,315,267.4,3113,351,0,3518,3518,17,5.79,1.000,332,416,0,129,0,left,0,0,0,0,4,1
106.3,3,1049,317,267.4,3113,351,0,3518,3518,17,5.79,1.000,284,565,0,157,0,left,0,0,0,0,4,1
107.3,3,1025,318,267.4,3113,351,0,3518,3518,17,5.79,1.000,285,322,0,125,0,left,0,0,0,0,4,1
108.3,3,977,320,267.4,3113,351,0,3518,3518,17,5.79,1.000,424,451,0,53,0,left,0,0,0,0,4,1
109.3,3,955,321,267.4,3113,351,0,3518,3518,17,5.79,1.000,471,162,0,94,0,left,0,0,0,0,4,1
110.3,3,1228,323,267.4,3113,351,0,3518,3518,17,5.79,1.000,537,8,0,131,0,left,0,0,0,0,4,1
111.3,3,1180,326,267.4,3380,351,0,3785,3785,17,5.79,1.000,563,0,0,96,0,left,0,0,0,0,4,1
112.3,3,1156,327,267.4,3380,351,0,3785,3785,17,5.79,1.000,391,0,0,50,0,left,0,0,0,0,4,1
113.3,3,1108,329,267.4,3380,351,0,3785,3785,17,5.79,1.000,459,0,0,32,0,left,0,0,0,0,4,1
114.3,3,1060,331,267.4,3380,351,0,3785,3785,17,5.79,1.000,517,0,0,32,0,left,0,0,0,0,4,1
115.3,4,1036,332,273.0,3380,463,0,3730,3730,22,5.79,1.000,500,0,0,652,0,left,0,0,0,0,4,1
116.3,4,1321,334,281.0,3380,625,0,3568,3568,29,5.91,1.000,377,242,0,63,0,left,0,0,0,0,4,1
117.3,4,1273,337,281.0,3661,625,0,3849,3849,29,5.91,1.000,307,503,0,34,0,left,0,0,0,0,4,1
118.3,4,1249,338,281.0,3661,625,0,3849,3849,29,5.91,1.000,593,481,1,51,0,left,0,0,0,0,4,1
119.3,4,1201,340,281.0,3661,625,0,3849,3849,29,5.91,1.000,460,450,0,58,0,left,0,0,0,0,4,1
120.3,4,1153,342,281.0,3661,625,0,3849,3849,29,5.91,1.000,548,318,0,50,0,left,0,0,0,0,4,1
121.3,4,1129,343,281.0,3661,625,0,3849,3849,29,5.91,1.000,450,285,0,51,0,left,0,0,0,0,4,1
122.3,4,1426,345,281.0,3661,625,0,3849,3849,29,6.04,1.000,540,269,0,72,0,left,0,0,0,0,4,1
123.3,4,1,346,281.0,3942,625,0,4130,4130,29,6.04,1.000,417,38,0,177,0,left,0,0,0,0,4,1
124.3,4,1402,346,281.0,3942,625,0,4130,4130,29,5.91,1.000,530,12,0,231,0,left,0,0,0,0,4,1
125.3,4,102,346,281.0,3942,625,0,4130,4130,29,5.91,1.000,247,6,0,152,0,left,0,0,0,0,4,1
126.3,4,2,346,281.0,3942,625,0,4130,4130,29,5.91,1.000,375,3,0,128,0,left,0,0,0,0,5,1
127.3,4,2,346,281.0,3942,625,0,4130,4130,29,5.79,1.000,489,4,0,131,0,left,0,0,0,0,5,1
128.3,4,49,346,281.0,3942,625,0,4130,4130,29,5.79,1.000,105,0,0,218,0,left,0,0,0,0,5,1
129.3,4,49,346,281.0,4223,625,0,4411,4411,29,5.79,1.000,195,153,0,685,0,left,0,0,0,0,5,1
130.3,4,49,349,282.1,4223,646,0,4390,4390,30,5.79,1.000,442,160,0,639,0,left,0,0,0,0,5,1
131.3,4,49,349,282.1,4223,646,0,4390,4390,30,5.79,1.000,84,0,0,201,0,left,0,0,0,0,6,1
132.3,4,49,349,283.2,4223,670,0,4366,4366,31,5.79,1.000,122,287,0,171,0,left,0,0,0,0,6,1
133.3,4,350,349,284.3,4223,694,0,4342,4342,32,5.91,1.000,88,227,2,125,0,left,0,0,0,0,6,1
134.3,4,182,356,285.3,4223,714,0,4322,4322,33,5.91,1.000,223,43,3,147,0,left,0,0,0,0,6,1
135.3,4,134,359,285.3,4508,714,0,4607,4607,33,5.91,1.000,104,493,2,116,0,left,0,0,0,0,6,1
136.3,4,110,360,285.3,4508,714,0,4607,4607,33,5.91,1.000,152,205,0,152,0,left,0,0,0,0,6,1
137.3,4,62,362,285.3,4508,714,0,4607,4607,33,5.91,1.000,163,346,3,132,0,left,0,0,0,0,6,1
138.3,4,14,364,285.3,4508,714,0,4607,4607,33,5.91,1.000,222,2,0,144,0,left,0,0,0,0,6,1
139.3,4,379,364,285.3,4508,714,0,4607,4607,33,5.80,1.000,127,359,0,122,0,left,0,0,0,0,6,1
140.3,4,379,364,285.3,4508,714,0,4607,4607,33,5.80,1.000,203,490,0,121,0,left,0,0,0,0,6,1
141.3,4,283,368,285.3,4794,714,0,4893,4893,33,5.80,1.000,162,169,0,137,0,left,0,0,0,0,6,1
142.3,4,235,371,285.3,4794,714,0,4893,4893,33,5.80,1.000,112,414,0,114,0,left,0,0,0,0,6,1
143.3,4,187,373,285.3,4794,714,0,4893,4893,33,5.80,1.000,75,184,0,137,0,left,0,0,0,0,6,1
144.3,5,163,374,295.8,4794,926,0,4773,4773,42,5.80,1.000,296,59,182,1251,0,left,0,0,0,0,6,1
145.3,5,139,376,297.2,4794,961,0,4738,4738,43,5.80,1.000,74,374,0,93,0,left,0,0,0,0,6,1
146.3,5,410,379,297.2,4794,961,0,4738,4738,43,5.92,1.000,74,246,0,116,0,left,0,0,0,0,6,1
147.3,5,375,381,297.2,5091,961,0,5035,5035,43,5.92,1.000,269,93,0,109,0,left,0,0,0,0,6,1
148.3,5,305,383,297.2,5091,961,0,5035,5035,43,5.92,1.000,89,358,0,96,0,left,0,0,0,0,6,1
149.3,5,200,388,297.2,5091,961,0,5035,5035,43,5.92,1.000,78,0,0,2003,0,left,0,0,0,0,6,1
150.3,5,130,390,304.2,5091,1095,0,4901,4901,49,5.92,1.000,504,435,0,259,0,left,0,0,0,0,6,1
151.3,5,2395,395,306.4,5091,1133,0,4863,4863,51,5.80,1.000,76,265,0,1293,0,left,0,0,0,0,6,1
152.3,5,316,399,307.5,5398,1157,0,5146,5146,52,5.80,1.000,510,257,0,1819,0,left,0,0,0,0,6,1
153.3,5,246,402,307.5,5398,1157,0,5146,5146,52,5.80,1.000,669,169,0,2015,0,left,0,0,0,0,6,1
154.3,5,141,406,307.5,5398,1157,0,5146,5146,52,5.80,1.000,364,800,0,224,0,left,0,0,0,0,6,1
155.3,5,71,409,307.5,5398,1157,0,5146,5146,52,5.80,1.000,78,677,0,214,0,left,0,0,0,0,6,1
156.3,5,36,411,307.5,5398,1157,0,5146,5146,52,5.80,1.000,50,448,0,376,0,left,0,0,0,0,6,1
157.3,5,36,411,307.5,5398,1157,0,5146,5146,52,5.80,1.000,79,247,0,1538,0,left,0,0,0,0,6,1
158.3,5,202,420,307.5,5706,1157,0,5454,5454,52,5.92,1.000,382,47,0,1867,0,left,0,0,0,0,6,1
159.3,5,97,424,307.5,5706,1157,0,5454,5454,52,5.92,1.000,148,674,0,2301,0,left,0,0,0,0,6,1
160.3,5,27,427,307.5,5706,1157,0,5454,5454,52,5.92,1.000,80,784,0,859,0,left,0,0,0,0,6,1
161.3,5,27,427,307.5,5706,1157,0,5454,5454,52,5.92,1.000,83,735,0,178,0,left,0,0,0,0,6,1
162.3,5,27,427,307.5,5706,1157,0,5454,5454,52,5.92,1.000,286,37,0,771,0,left,0,0,0,0,6,1
163.3,5,2427,427,307.5,5706,1157,0,5454,5454,52,5.80,1.000,87,177,0,1667,0,left,0,0,0,0,6,1
164.3,5,210,437,308.5,6014,1177,0,5742,5742,53,5.80,1.000,549,162,0,1877,0,left,0,0,0,0,6,1
165.3,5,105,441,308.5,6014,1177,0,5742,5742,53,5.80,1.000,162,611,0,1219,0,left,0,0,0,0,6,1
166.3,5,35,444,308.5,6014,1177,0,5742,5742,53,5.80,1.000,534,385,0,750,0,left,0,0,0,0,6,1
167.3,5,35,445,308.5,6014,1177,0,5742,5742,53,5.80,1.000,557,336,0,213,0,left,0,0,0,0,6,1
168.3,5,35,445,308.5,6014,1177,0,5742,5742,53,5.80,1.000,54,92,0,1035,0,left,0,0,0,0,6,1
169.3,5,35,445,308.5,6014,1177,0,5742,5742,53,5.80,1.000,352,10,0,1556,0,left,0,0,0,0,6,1
170.3,6,200,455,327.0,6332,1531,0,5910,5910,69,5.92,1.000,573,99,0,2308,0,left,0,0,0,0,6,1
171.3,6,95,459,329.2,6332,1569,0,5872,5872,71,5.92,1.000,602,384,0,1589,0,left,0,0,0,0,6,1
172.3,6,25,462,329.2,6332,1569,0,5872,5872,71,5.92,1.000,113,646,0,1012,0,left,0,0,0,0,6,1
173.3,6,25,462,329.2,6332,1569,0,5872,5872,71,5.92,1.000,72,766,0,377,0,left,0,0,0,0,6,1
174.3,6,25,462,329.2,6332,1569,0,5872,5872,71,5.92,1.000,205,209,0,890,0,left,0,0,0,0,6,1
175.3,6,25,462,329.2,6332,1569,0,5872,5872,71,5.92,1.000,505,0,0,2035,0,left,0,0,0,0,6,1
176.3,6,208,473,330.2,6662,1589,0,6182,6182,72,6.04,1.000,474,146,0,1787,0,left,0,0,0,0,6,1
177.3,6,138,476,330.2,6662,1589,0,6182,6182,72,6.04,1.000,158,447,0,1215,0,left,0,0,0,0,6,1
178.3,6,68,479,330.2,6662,1589,0,6182,6182,72,6.04,1.000,79,1019,0,733,0,left,0,0,0,0,6,1
179.3,6,33,480,330.2,6662,1589,0,6182,6182,72,6.04,1.000,84,943,0,179,0,left,0,0,0,0,6,1
180.3,6,33,480,330.2,6662,1589,0,6182,6182,72,6.04,1.000,62,290,0,1459,0,left,0,0,0,0,6,1
181.3,6,4833,480,330.2,6662,1589,0,6182,6182,72,5.92,1.000,462,273,0,1274,0,left,0,0,0,0,6,1
182.3,6,268,490,330.2,6992,1589,0,6512,6512,72,5.92,1.000,199,441,0,266,0,left,0,0,0,0,6,1
183.3,6,198,493,330.2,6992,1589,0,6512,6512,72,5.92,1.000,454,77,0,191,0,left,0,0,0,0,6,1
184.3,6,198,493,330.2,6992,1589,0,6512,6512,72,5.92,1.000,626,0,0,460,0,left,0,0,0,0,6,1
185.3,6,198,493,331.3,6992,1613,0,6488,6488,73,5.92,1.000,256,278,1,187,0,left,0,0,0,0,6,1
186.3,6,23,500,331.3,6992,1613,0,6488,6488,73,5.92,1.000,90,98,0,497,0,left,0,0,0,0,6,1
187.3,6,23,500,331.3,6992,1613,0,6488,6488,73,5.92,1.000,232,0,0,413,0,left,0,0,0,0,6,1
188.3,6,523,500,331.3,7324,1613,0,6820,6820,73,6.04,1.000,676,0,0,322,0,left,0,0,0,0,6,1
189.3,6,523,500,331.3,7324,1613,0,6820,6820,73,6.04,1.000,231,0,0,338,0,left,0,0,0,0,6,1
190.3,6,523,500,334.8,7324,1685,0,6748,6748,76,6.04,1.000,1010,213,2,287,0,left,0,0,0,0,6,1
191.3,6,198,500,334.8,7324,1685,0,6748,6748,76,6.04,1.000,236,0,0,460,0,left,0,0,0,0,6,1
192.3,7,198,500,349.8,7324,2049,0,6464,6464,86,6.04,1.000,302,0,0,1718,0,left,0,0,0,0,6,1
193.3,7,198,504,357.6,7324,2244,0,6269,6269,91,6.04,1.000,406,0,0,467,0,left,0,0,0,0,6,1
194.3,7,397,512,358.6,7682,2258,0,6613,6613,92,6.03,1.000,787,0,0,407,0,left,0,0,0,0,6,1
195.3,7,397,512,358.6,7682,2258,0,6613,6613,92,6.03,1.000,182,125,1,323,0,left,0,0,0,0,6,1
196.3,7,397,512,358.6,7682,2258,0,6613,6613,92,6.03,1.000,231,0,0,387,0,left,0,0,0,0,6,1
197.3,7,197,512,358.6,7682,2258,0,6613,6613,92,6.03,1.000,430,0,0,316,0,left,0,0,0,0,6,1
198.3,7,197,512,358.6,7682,2258,0,6613,6613,92,6.03,1.000,207,66,1,341,0,left,0,0,0,0,6,1
199.3,7,1922,512,359.7,7682,2282,0,6589,6589,93,6.03,1.000,519,118,1,294,0,left,0,0,0,0,6,1
200.3,7,710,512,360.8,8042,2306,0,6925,6925,94,6.03,1.000,366,0,0,324,0,left,0,0,0,0,6,1
201.3,7,390,525,360.8,8042,2306,0,6925,6925,94,6.03,1.000,198,61,6,337,0,left,0,0,0,0,6,1
202.3,7,230,531,360.8,8042,2306,0,6925,6925,94,6.03,1.000,665,0,0,310,0,left,0,0,0,0,6,1
203.3,7,70,537,360.8,8042,2306,0,6925,6925,94,6.03,1.000,225,0,0,328,0,left,0,0,0,0,6,1
204.3,7,30,539,360.8,8042,2306,0,6925,6925,94,6.03,1.000,431,0,0,289,0,left,0,0,0,0,6,1
205.3,7,30,539,360.8,8042,2306,0,6925,6925,94,6.03,1.000,462,0,0,304,0,left,0,0,0,0,6,1
206.3,7,249,552,360.8,8403,2306,0,7286,7286,94,6.03,1.000,179,0,0,294,0,left,0,0,0,0,6,1
207.3,7,68,558,360.8,8403,2306,0,7286,7286,94,6.03,1.000,189,15,0,854,0,left,0,0,0,0,6,1
208.3,7,68,561,360.8,8403,2306,0,7286,7286,94,6.03,1.000,702,157,0,285,0,left,0,0,0,0,6,1
209.3,7,68,561,360.8,8403,2306,0,7286,7286,94,6.03,1.000,426,0,0,362,0,left,0,0,0,0,6,1
210.3,7,68,561,360.8,8403,2306,0,7286,7286,94,6.03,1.000,320,0,0,378,0,left,0,0,0,0,6,1
211.3,7,96,561,360.8,8403,2306,0,7286,7286,94,6.03,1.000,497,0,0,344,0,left,0,0,0,0,6,1
212.3,7,211,576,361.9,8764,2322,0,7631,7631,95,6.03,1.000,362,73,0,362,0,left,0,0,0,0,6,1
213.3,7,51,582,361.9,8764,2322,0,7631,7631,95,6.03,1.000,179,0,0,361,0,left,0,0,0,0,6,1
214.3,7,51,584,361.9,8764,2322,0,7631,7631,95,6.03,1.000,523,0,0,340,0,left,0,0,0,0,6,1
215.3,8,51,584,369.3,8764,2502,0,7596,7596,100,6.03,1.000,181,31,1,532,0,left,0,0,0,0,6,1
216.3,8,51,584,371.4,8764,2546,0,7552,7552,102,6.03,1.000,504,0,0,290,0,left,0,0,0,0,6,1
217.3,8,5,584,371.4,8764,2546,0,7552,7552,102,6.03,1.000,180,31,0,301,0,left,0,0,0,0,6,1
218.3,8,315,595,371.4,9135,2546,0,7923,7923,102,6.03,1.000,705,0,0,394,0,left,0,0,0,0,6,1
219.3,8,115,603,371.4,9135,2546,0,7923,7923,102,6.03,1.000,554,0,0,389,0,left,0,0,0,0,6,1
220.3,8,35,606,380.5,9135,2812,0,7657,7657,108,6.03,1.000,196,2,0,1560,0,left,0,0,0,0,6,1
221.3,8,35,606,383.2,9135,2876,0,7593,7593,110,6.03,1.000,232,104,0,1514,0,left,0,0,0,0,6,1
222.3,8,35,606,384.8,9135,2916,0,7553,7553,111,6.03,1.000,184,228,2,836,0,left,0,0,0,0,6,1
223.3,8,35,606,384.8,9135,2916,0,7553,7553,111,6.03,1.000,315,0,0,282,0,left,0,0,0,0,6,1
224.3,8,322,619,384.8,9520,2916,0,7938,7938,111,6.03,1.000,354,0,0,957,0,left,0,0,0,0,6,1
225.3,8,162,625,387.0,9520,2938,0,7916,7916,113,6.03,1.000,277,355,0,658,0,left,0,0,0,0,6,1
226.3,8,42,632,388.1,9520,2954,0,7900,7900,114,6.03,1.000,182,637,0,309,0,left,0,0,0,0,6,1
227.3,8,42,632,388.1,9520,2954,0,7900,7900,114,6.03,1.000,152,276,0,258,0,left,0,0,0,0,6,1
228.3,8,2,632,388.1,9520,2954,0,7900,7900,114,6.03,1.000,156,0,0,282,0,left,0,0,0,0,6,1
229.3,8,2632,632,388.1,9520,2954,0,7900,7900,114,5.92,1.000,158,0,0,271,0,left,0,0,0,0,6,1
230.3,8,634,632,388.1,9908,2954,0,8288,8288,114,5.92,1.000,163,4,0,504,0,left,0,0,0,0,6,1
231.3,8,634,632,390.3,9908,3002,0,8240,8240,116,5.92,1.000,186,499,1,1164,0,left,0,0,0,0,6,1
232.3,8,634,632,390.3,9908,3002,0,8240,8240,116,5.92,1.000,262,59,0,1320,0,left,0,0,0,0,6,1
233.3,8,634,632,390.3,9908,3002,0,8240,8240,116,5.92,1.000,169,322,0,1237,0,left,0,0,0,0,6,1
234.3,8,634,632,393.5,9908,3082,0,8160,8160,118,5.92,1.000,150,166,0,1942,0,left,0,0,0,0,6,1
235.3,8,634,632,393.5,9908,3082,0,8160,8160,118,5.92,1.000,297,91,0,1541,0,left,0,0,0,0,6,1
236.3,9,1267,632,421.1,10301,3762,0,8025,8025,136,6.03,1.000,516,6,0,2493,0,left,0,0,0,0,6,1
237.3,9,1267,632,422.2,10301,3786,0,8001,8001,137,6.03,1.000,313,25,0,1589,0,left,0,0,0,0,6,1
238.3,9,1267,632,422.2,10301,3786,0,8001,8001,137,6.03,1.000,283,13,1,592,0,left,0,0,0,0,6,1
239.3,9,1267,632,422.2,10301,3786,0,8001,8001,137,6.03,1.000,263,101,2,1561,0,left,0,0,0,0,6,1
240.3,9,1267,632,422.2,10301,3786,0,8001,8001,137,6.03,1.000,236,6,2,1808,0,left,0,0,0,0,6,1
241.3,9,1267,632,422.2,10301,3786,0,8001,8001,137,6.03,1.000,280,0,1,1796,0,left,0,0,0,0,6,1
242.3,9,1899,632,422.2,10724,3786,0,8424,8424,137,6.03,1.000,431,135,0,1757,0,left,0,0,0,0,6,1
243.3,9,1899,632,422.2,10724,3786,0,8424,8424,137,6.03,1.000,160,287,0,1223,0,left,0,0,0,0,6,1
244.3,9,1899,632,422.2,10724,3786,0,8424,8424,137,6.03,1.000,253,346,1,334,0,left,0,0,0,0,6,1
245.3,9,1899,632,422.2,10724,3786,0,8424,8424,137,6.03,1.000,235,2,0,1178,0,left,0,0,0,0,6,1
246.3,9,1899,632,422.2,10724,3786,0,8424,8424,137,6.03,1.000,308,140,0,704,0,left,0,0,0,0,6,1
247.3,9,1899,632,424.4,10724,3834,0,8376,8376,139,6.03,1.000,219,100,0,1101,0,left,0,0,0,0,6,1
248.3,9,2531,632,424.4,11148,3834,0,8800,8800,139,6.04,1.000,181,432,0,797,0,left,0,0,0,0,6,1
249.3,9,2531,632,424.4,11148,3834,0,8800,8800,139,6.04,1.000,361,0,0,1130,0,left,0,0,0,0,6,1
250.3,9,2531,632,424.4,11148,3834,0,8800,8800,139,6.04,1.000,128,36,1,670,0,left,0,0,0,0,6,1
251.3,9,2531,632,424.4,11148,3834,0,8800,8800,139,6.04,1.000,456,383,5,858,0,left,0,0,0,0,6,1
252.3,9,2531,632,424.4,11148,3834,0,8800,8800,139,6.04,1.000,147,232,0,1809,0,left,0,0,0,0,6,1
253.3,9,2531,632,425.5,11148,3858,0,8776,8776,140,6.04,1.000,674,6,0,1828,0,left,0,0,0,0,6,1
254.3,9,3164,632,425.5,11573,3858,0,9201,9201,140,6.04,1.000,557,6,0,2005,0,left,0,0,0,0,6,1
255.3,9,3164,632,425.5,11573,3858,0,9201,9201,140,6.04,1.000,334,26,0,1661,0,left,0,0,0,0,6,1
256.3,10,3164,632,443.0,11573,4282,0,9017,9017,152,6.04,1.000,203,38,1,571,0,left,0,0,0,0,6,1
257.3,10,3164,632,454.2,11573,4562,0,8737,8737,159,6.04,1.000,153,134,0,1686,0,left,0,0,0,0,6,1
258.3,10,3164,632,456.3,11573,4606,0,8693,8693,161,6.04,1.000,296,107,0,1433,0,left,0,0,0,0,6,1
259.3,10,3164,632,456.3,11573,4606,0,8693,8693,161,6.04,1.000,275,0,0,2500,0,left,0,0,0,0,6,1
260.3,10,3796,632,458.5,12032,4654,0,9104,9104,163,6.04,1.000,164,543,0,1174,0,left,0,0,0,0,6,1
261.3,10,3796,632,459.6,12032,4678,0,9080,9080,164,6.04,1.000,143,717,0,591,0,left,0,0,0,0,6,1
262.3,10,3796,632,459.6,12032,4678,0,9080,9080,164,6.04,1.000,184,341,0,300,0,left,0,0,0,0,6,1
263.3,10,3796,632,459.6,12032,4678,0,9080,9080,164,6.04,1.000,130,2,0,1599,0,left,0,0,0,0,6,1
264.3,10,3796,632,459.6,12032,4678,0,9080,9080,164,6.04,1.000,153,38,0,1078,0,left,0,0,0,0,6,1
265.3,10,3796,632,459.6,12032,4678,0,9080,9080,164,6.04,1.000,151,25,0,2146,0,left,0,0,0,0,6,1
266.3,11,4428,632,481.4,12509,5206,0,9095,9095,179,6.04,1.000,544,2,0,1729,0,left,0,0,0,0,6,1
267.3,11,3708,653,487.8,12509,5366,0,8935,8935,183,6.04,1.000,434,52,0,403,0,left,0,0,0,0,6,1
268.3,11,3108,670,487.8,12509,5366,0,8935,8935,183,6.04,1.000,116,200,0,601,0,left,0,0,0,0,6,1
269.3,11,2508,688,491.0,12509,5446,0,8855,8855,185,6.04,1.000,150,174,0,1438,0,left,0,0,0,0,6,1
270.3,11,2028,702,492.6,12509,5486,0,8815,8815,186,6.04,1.000,305,290,0,2870,0,left,0,0,0,0,6,1
271.3,11,1668,705,494.2,12509,5526,0,8775,8775,187,6.04,1.000,730,479,0,687,0,left,0,0,0,0,6,1
272.3,11,1788,730,494.2,12509,5526,0,8775,8775,187,6.04,1.000,156,0,0,317,0,left,0,0,0,0,6,1
273.3,11,1308,744,494.2,13003,5526,0,9269,9269,187,6.04,1.000,694,154,0,260,0,left,0,0,0,0,6,1
274.3,11,828,758,496.4,13003,5574,0,9221,9221,189,6.04,1.000,181,17,0,502,0,left,0,0,0,0,6,1
275.3,11,348,772,496.4,13003,5574,0,9221,9221,189,6.04,1.000,510,0,0,243,0,left,0,0,0,0,6,1
276.3,11,108,779,496.4,13003,5574,0,9221,9221,189,6.04,1.000,173,0,0,239,0,left,0,0,0,0,6,1
277.3,11,108,779,496.4,13003,5574,0,9221,9221,189,6.04,1.000,152,0,0,262,0,left,0,0,0,0,6,1
278.3,11,47,803,497.8,13003,5609,0,9186,9186,190,6.03,1.000,613,0,0,2162,0,left,0,0,0,0,6,1
279.3,11,47,803,497.8,13501,5609,0,9684,9684,190,6.03,1.000,143,0,0,241,0,left,0,0,0,0,6,1
280.3,12,47,803,497.8,13501,5609,0,9684,9684,190,6.03,1.000,61,0,0,2191,0,left,0,0,0,0,6,1
281.3,12,47,803,497.8,13501,5609,0,9684,9684,190,6.03,1.000,51,0,0,1925,0,left,0,0,0,0,6,1
282.3,12,47,803,497.8,13501,5609,0,9684,9684,190,6.03,1.000,115,0,0,232,0,left,0,0,0,0,6,1
283.3,12,47,803,497.8,13501,5609,0,9684,9684,190,6.03,1.000,141,36,0,234,0,left,0,0,0,0,6,1
284.3,12,47,803,497.8,13501,5609,0,9684,9684,190,6.03,1.000,3,212,148,226,0,left,0,0,0,0,6,1
285.3,12,47,803,497.8,13501,5609,0,9684,9684,190,6.03,1.000,4,278,126,106,0,left,0,0,0,0,6,1
286.3,12,47,803,497.8,13501,5609,0,9684,9684,190,6.03,1.000,3,278,136,100,0,left,0,0,0,0,6,1
287.3,12,47,803,497.8,13501,5609,0,9684,9684,190,6.03,1.000,0,0,107,184,0,left,0,0,0,0,6,1
288.3,12,47,803,497.8,13501,5609,0,9684,9684,190,6.03,1.000,2,0,108,172,0,left,0,0,0,0,6,1
289.3,12,47,803,497.8,13501,5609,0,9684,9684,190,6.03,1.000,1,0,76,30,0,left,0,0,0,0,6,1
290.3,12,47,803,497.8,13501,5609,0,9684,9684,190,6.03,1.000,1,0,97,165,0,left,0,0,0,0,6,1
291.3,12,47,803,497.8,13501,5609,0,9684,9684,190,6.03,1.000,0,0,98,167,0,left,0,0,0,0,6,1
292.3,12,47,803,497.8,13501,5609,0,9684,9684,190,6.03,1.000,2,0,93,165,0,left,0,0,0,0,6,1
293.3,12,47,803,497.8,13501,5609,0,9684,9684,190,6.03,1.000,0,0,77,18,0,left,0,0,0,0,6,1
294.3,12,47,803,497.8,13501,5609,0,9684,9684,190,6.03,1.000,0,0,81,14,0,left,0,0,0,0,6,1
295.3,12,47,803,497.8,13501,5609,0,9684,9684,190,6.03,1.000,0,0,79,10,0,left,0,0,0,0,6,1
296.3,12,47,803,497.8,13501,5609,0,9684,9684,190,6.03,1.000,2,0,66,12,0,left,0,0,0,0,6,1
297.3,12,47,803,497.8,13501,5609,0,9684,9684,190,6.03,1.000,0,0,76,13,0,left,0,0,0,0,6,1
298.3,12,47,803,497.8,13501,5609,0,9684,9684,190,6.03,1.000,2,0,71,13,0,left,0,0,0,0,6,1
299.3,12,47,803,497.8,13501,5609,0,9684,9684,190,6.03,1.000,1188,5692,646,2952,0,left,0,0,0,0,6,1
300.3,12,47,803,497.8,13501,5609,0,9684,9684,190,6.03,1.000,1193,5865,700,3023,0,left,0,0,0,0,6,1
301.3,12,47,803,497.8,13501,5609,0,9684,9684,190,6.03,1.000,1224,5739,705,3125,0,left,0,0,0,0,6,1
